bjd,rv,e_rv
2460680.6447699596,-22.93129469929433,4.563358876414149
2460680.746565967,-2.3428048955467675,3.011773404436091
