bjd,rv,e_rv
2460725.619160265,-4.049156792597543,1.9952044624283025
2460725.6740999953,-13.758349235432517,3.867125843957339