{
    "logZ": 418185.97741497273,
    "logZ_err": 0.2044699423296677,
    "BIC": -836277.3027461185,
    "AIC": -836415.3838655888,
    "reduced_chi2": -11.378351614234258,
    "n_eff": 2.39270006571963
}